id,topic_id,timestamp,data
1,1,1741949479751532127,
2,1,1741949479681027429,
3,1,1741949479681070209,
4,1,1741949479681661255,
5,1,1741949479684958641,
6,1,1741949479685084896,
7,1,1741949479797553250,
8,1,1741949479802747715,
9,1,1741949479804729360,
10,1,1741949482844991536,
11,1,1741949482848280657,
12,1,1741949482851913716,
13,1,1741949482854958193,
14,1,1741949482857189662,
15,1,1741949482862980152,
16,1,1741949482867917691,
17,1,1741949482871013313,
18,1,1741949482874683561,
19,1,1741949482877184860,
20,1,1741949500254994652,
21,1,1741949501134071071,
22,16,1741949501134189922,
23,1,1741949502134768269,
24,16,1741949502134865780,
25,1,1741949503134340521,
26,16,1741949503134463990,
27,1,1741949504134806116,
28,16,1741949504134911983,
29,1,1741949505134248486,
30,16,1741949505134319978,
